<?xml version="1.0" encoding="UTF-8"?>
<GenRun Id="snd_design_axi_gpio_0_1_synth_1" LaunchPart="xc7z020clg484-1" LaunchTime="1712885339">
  <File Type="REPORTS-TCL" Name="snd_design_axi_gpio_0_1_reports.tcl"/>
  <File Type="PA-TCL" Name="snd_design_axi_gpio_0_1.tcl"/>
  <File Type="RDS-DCP" Name="snd_design_axi_gpio_0_1.dcp"/>
  <File Type="RDS-RDS" Name="snd_design_axi_gpio_0_1.vds"/>
  <File Type="RDS-UTIL" Name="snd_design_axi_gpio_0_1_utilization_synth.rpt"/>
  <File Type="RDS-UTIL-PB" Name="snd_design_axi_gpio_0_1_utilization_synth.pb"/>
  <FileSet Name="sources" Type="BlockSrcs" RelSrcDir="$PSRCDIR/snd_design_axi_gpio_0_1">
    <File Path="$PSRCDIR/sources_1/bd/snd_design/ip/snd_design_axi_gpio_0_1/snd_design_axi_gpio_0_1.xci">
      <FileInfo>
        <Attr Name="ImportPath" Val="$PPRDIR/../../../../CprE488/FinalProject/FP_BM/Sound/Sound.srcs/sources_1/bd/snd_design/ip/snd_design_axi_gpio_0_1/snd_design_axi_gpio_0_1.xci"/>
        <Attr Name="ImportTime" Val="1712885277"/>
        <Attr Name="UsedIn" Val="synthesis"/>
        <Attr Name="UsedIn" Val="implementation"/>
        <Attr Name="UsedIn" Val="simulation"/>
      </FileInfo>
    </File>
    <Config>
      <Option Name="TopModule" Val="snd_design_axi_gpio_0_1"/>
      <Option Name="UseBlackboxStub" Val="1"/>
    </Config>
  </FileSet>
  <FileSet Name="constrs_in" Type="BlockSrcs" RelSrcDir="$PSRCDIR/snd_design_axi_gpio_0_1">
    <File Path="$PSRCDIR/sources_1/bd/snd_design/ip/snd_design_axi_gpio_0_1/snd_design_axi_gpio_0_1.xci">
      <FileInfo>
        <Attr Name="ImportPath" Val="$PPRDIR/../../../../CprE488/FinalProject/FP_BM/Sound/Sound.srcs/sources_1/bd/snd_design/ip/snd_design_axi_gpio_0_1/snd_design_axi_gpio_0_1.xci"/>
        <Attr Name="ImportTime" Val="1712885277"/>
        <Attr Name="UsedIn" Val="synthesis"/>
        <Attr Name="UsedIn" Val="implementation"/>
        <Attr Name="UsedIn" Val="simulation"/>
      </FileInfo>
    </File>
    <Config>
      <Option Name="TopModule" Val="snd_design_axi_gpio_0_1"/>
      <Option Name="UseBlackboxStub" Val="1"/>
    </Config>
  </FileSet>
  <FileSet Name="utils" Type="Utils" RelSrcDir="$PSRCDIR/utils_1">
    <Filter Type="Utils"/>
    <Config>
      <Option Name="TopAutoSet" Val="TRUE"/>
    </Config>
  </FileSet>
  <Strategy Version="1" Minor="2">
    <StratHandle Name="Vivado Synthesis Defaults" Flow="Vivado Synthesis 2020"/>
    <Step Id="synth_design"/>
  </Strategy>
</GenRun>
