<?xml version="1.0" encoding="UTF-8"?>
<GenRun Id="synth_1" LaunchPart="xc7z020clg484-1" LaunchTime="1714252232">
  <File Type="REPORTS-TCL" Name="snd_design_wrapper_reports.tcl"/>
  <File Type="PA-TCL" Name="snd_design_wrapper.tcl"/>
  <File Type="RDS-DCP" Name="snd_design_wrapper.dcp"/>
  <File Type="RDS-RDS" Name="snd_design_wrapper.vds"/>
  <File Type="RDS-UTIL" Name="snd_design_wrapper_utilization_synth.rpt"/>
  <File Type="RDS-UTIL-PB" Name="snd_design_wrapper_utilization_synth.pb"/>
  <FileSet Name="sources" Type="DesignSrcs" RelSrcDir="$PSRCDIR/sources_1">
    <Filter Type="Srcs"/>
    <File Path="$PSRCDIR/sources_1/imports/hdl/ADAU1761_interface.vhd">
      <FileInfo>
        <Attr Name="ImportPath" Val="$PPRDIR/../../../../CprE488/FinalProject/FP_BM/Sound/zedboard_audio/hdl/ADAU1761_interface.vhd"/>
        <Attr Name="ImportTime" Val="1712807358"/>
        <Attr Name="UsedIn" Val="synthesis"/>
        <Attr Name="UsedIn" Val="simulation"/>
      </FileInfo>
    </File>
    <File Path="$PSRCDIR/sources_1/imports/hdl/adau1761_configuraiton_data.vhd">
      <FileInfo>
        <Attr Name="ImportPath" Val="$PPRDIR/../../../../CprE488/FinalProject/FP_BM/Sound/zedboard_audio/hdl/adau1761_configuraiton_data.vhd"/>
        <Attr Name="ImportTime" Val="1713900410"/>
        <Attr Name="UsedIn" Val="synthesis"/>
        <Attr Name="UsedIn" Val="simulation"/>
      </FileInfo>
    </File>
    <File Path="$PSRCDIR/sources_1/imports/hdl/adau1761_izedboard.vhd">
      <FileInfo>
        <Attr Name="ImportPath" Val="$PPRDIR/../../../../CprE488/FinalProject/FP_BM/Sound/zedboard_audio/hdl/adau1761_izedboard.vhd"/>
        <Attr Name="ImportTime" Val="1712807358"/>
        <Attr Name="UsedIn" Val="synthesis"/>
        <Attr Name="UsedIn" Val="simulation"/>
      </FileInfo>
    </File>
    <File Path="$PSRCDIR/sources_1/imports/hdl/clocking.vhd">
      <FileInfo>
        <Attr Name="ImportPath" Val="$PPRDIR/../../../../CprE488/FinalProject/FP_BM/Sound/zedboard_audio/hdl/clocking.vhd"/>
        <Attr Name="ImportTime" Val="1712807358"/>
        <Attr Name="UsedIn" Val="synthesis"/>
        <Attr Name="UsedIn" Val="simulation"/>
      </FileInfo>
    </File>
    <File Path="$PSRCDIR/sources_1/imports/hdl/i2c.vhd">
      <FileInfo>
        <Attr Name="ImportPath" Val="$PPRDIR/../../../../CprE488/FinalProject/FP_BM/Sound/zedboard_audio/hdl/i2c.vhd"/>
        <Attr Name="ImportTime" Val="1712807358"/>
        <Attr Name="UsedIn" Val="synthesis"/>
        <Attr Name="UsedIn" Val="simulation"/>
      </FileInfo>
    </File>
    <File Path="$PSRCDIR/sources_1/imports/hdl/i2s_data_interface.vhd">
      <FileInfo>
        <Attr Name="ImportPath" Val="$PPRDIR/../../../../CprE488/FinalProject/FP_BM/Sound/zedboard_audio/hdl/i2s_data_interface.vhd"/>
        <Attr Name="ImportTime" Val="1712807358"/>
        <Attr Name="UsedIn" Val="synthesis"/>
        <Attr Name="UsedIn" Val="simulation"/>
      </FileInfo>
    </File>
    <File Path="$PSRCDIR/sources_1/imports/hdl/i3c2.vhd">
      <FileInfo>
        <Attr Name="ImportPath" Val="$PPRDIR/../../../../CprE488/FinalProject/FP_BM/Sound/zedboard_audio/hdl/i3c2.vhd"/>
        <Attr Name="ImportTime" Val="1712807358"/>
        <Attr Name="UsedIn" Val="synthesis"/>
        <Attr Name="UsedIn" Val="simulation"/>
      </FileInfo>
    </File>
    <File Path="$PSRCDIR/sources_1/imports/hdl/audio_top.vhd">
      <FileInfo>
        <Attr Name="ImportPath" Val="$PPRDIR/../../../../CprE488/FinalProject/FP_BM/Sound/zedboard_audio/hdl/audio_top.vhd"/>
        <Attr Name="ImportTime" Val="1712807358"/>
        <Attr Name="UsedIn" Val="synthesis"/>
        <Attr Name="UsedIn" Val="simulation"/>
      </FileInfo>
    </File>
    <File Path="$PSRCDIR/sources_1/bd/snd_design/snd_design.bd">
      <FileInfo>
        <Attr Name="ImportPath" Val="$PPRDIR/../../../../CprE488/FinalProject/FP_BM/Sound/Sound.srcs/sources_1/bd/snd_design/snd_design.bd"/>
        <Attr Name="ImportTime" Val="1714252141"/>
        <Attr Name="UsedIn" Val="synthesis"/>
        <Attr Name="UsedIn" Val="implementation"/>
        <Attr Name="UsedIn" Val="simulation"/>
      </FileInfo>
    </File>
    <File Path="$PSRCDIR/sources_1/bd/snd_design/hdl/snd_design_wrapper.v">
      <FileInfo>
        <Attr Name="ImportPath" Val="$PPRDIR/../../../../CprE488/FinalProject/FP_BM/Sound/Sound.srcs/sources_1/bd/snd_design/hdl/snd_design_wrapper.v"/>
        <Attr Name="ImportTime" Val="1714252142"/>
        <Attr Name="UsedIn" Val="synthesis"/>
        <Attr Name="UsedIn" Val="implementation"/>
        <Attr Name="UsedIn" Val="simulation"/>
      </FileInfo>
    </File>
    <Config>
      <Option Name="DesignMode" Val="RTL"/>
      <Option Name="TopModule" Val="snd_design_wrapper"/>
    </Config>
  </FileSet>
  <FileSet Name="constrs_in" Type="Constrs" RelSrcDir="$PSRCDIR/constrs_1">
    <Filter Type="Constrs"/>
    <File Path="$PSRCDIR/constrs_1/imports/Sound/Project.xdc">
      <FileInfo>
        <Attr Name="ImportPath" Val="$PPRDIR/../../../../CprE488/FinalProject/FP_BM/Sound/Project.xdc"/>
        <Attr Name="ImportTime" Val="1714676725"/>
        <Attr Name="UsedIn" Val="synthesis"/>
        <Attr Name="UsedIn" Val="implementation"/>
      </FileInfo>
    </File>
    <Config>
      <Option Name="TargetConstrsFile" Val="$PSRCDIR/constrs_1/imports/Sound/Project.xdc"/>
      <Option Name="ConstrsType" Val="XDC"/>
    </Config>
  </FileSet>
  <FileSet Name="utils" Type="Utils" RelSrcDir="$PSRCDIR/utils_1">
    <Filter Type="Utils"/>
    <Config>
      <Option Name="TopAutoSet" Val="TRUE"/>
    </Config>
  </FileSet>
  <Strategy Version="1" Minor="2">
    <StratHandle Name="Vivado Synthesis Defaults" Flow="Vivado Synthesis 2020"/>
    <Step Id="synth_design"/>
  </Strategy>
  <BlockFileSet Type="BlockSrcs" Name="snd_design_axi_ppm_0_0"/>
  <BlockFileSet Type="BlockSrcs" Name="snd_design_axi_gpio_0_0"/>
  <BlockFileSet Type="BlockSrcs" Name="snd_design_audio_top_0_0"/>
  <BlockFileSet Type="BlockSrcs" Name="snd_design_axi_gpio_0_1"/>
</GenRun>
