<?xml version="1.0" encoding="UTF-8"?>
<GenRun Id="impl_1" LaunchPart="xc7z020clg484-1" LaunchTime="1714252232">
  <File Type="CFI_FILE" Name="snd_design_wrapper.cfi"/>
  <File Type="RCFI_FILE" Name="snd_design_wrapper.rcfi"/>
  <File Type="PDI-FILE" Name="snd_design_wrapper.pdi"/>
  <File Type="ROUTE-METHODOLOGY-DRC-RPX" Name="snd_design_wrapper_methodology_drc_routed.rpx"/>
  <File Type="ROUTE-DRC-RPX" Name="snd_design_wrapper_drc_routed.rpx"/>
  <File Type="ROUTE-METHODOLOGY-DRC-PB" Name="snd_design_wrapper_methodology_drc_routed.pb"/>
  <File Type="ROUTE-METHODOLOGY-DRC" Name="snd_design_wrapper_methodology_drc_routed.rpt"/>
  <File Type="POSTROUTE-PHYSOPT-BLACKBOX-DCP" Name="snd_design_wrapper_postroute_physopt_bb.dcp"/>
  <File Type="POSTROUTE-PHYSOPT-DCP" Name="snd_design_wrapper_postroute_physopt.dcp"/>
  <File Type="PHYSOPT-DCP" Name="snd_design_wrapper_physopt.dcp"/>
  <File Type="POSTPLACE-PWROPT-DCP" Name="snd_design_wrapper_postplace_pwropt.dcp"/>
  <File Type="PWROPT-DCP" Name="snd_design_wrapper_pwropt.dcp"/>
  <File Type="PLACE-DCP" Name="snd_design_wrapper_placed.dcp"/>
  <File Type="OPT-DCP" Name="snd_design_wrapper_opt.dcp"/>
  <File Type="ROUTE-BUS-SKEW" Name="snd_design_wrapper_bus_skew_routed.rpt"/>
  <File Type="ROUTE-CLK" Name="snd_design_wrapper_clock_utilization_routed.rpt"/>
  <File Type="ROUTE-TIMING-RPX" Name="snd_design_wrapper_timing_summary_routed.rpx"/>
  <File Type="BITSTR-LTX" Name="debug_nets.ltx"/>
  <File Type="BITSTR-LTX" Name="snd_design_wrapper.ltx"/>
  <File Type="BITSTR-SYSDEF" Name="snd_design_wrapper.sysdef"/>
  <File Type="BITSTR-MMI" Name="snd_design_wrapper.mmi"/>
  <File Type="BITSTR-BMM" Name="snd_design_wrapper_bd.bmm"/>
  <File Type="BITSTR-NKY" Name="snd_design_wrapper.nky"/>
  <File Type="BITSTR-RBT" Name="snd_design_wrapper.rbt"/>
  <File Type="ROUTE-BUS-SKEW-RPX" Name="snd_design_wrapper_bus_skew_routed.rpx"/>
  <File Type="REPORTS-TCL" Name="snd_design_wrapper_reports.tcl"/>
  <File Type="BITSTR-MSK" Name="snd_design_wrapper.msk"/>
  <File Type="ROUTE-BUS-SKEW-PB" Name="snd_design_wrapper_bus_skew_routed.pb"/>
  <File Type="PA-TCL" Name="snd_design_wrapper.tcl"/>
  <File Type="ROUTE-TIMING-PB" Name="snd_design_wrapper_timing_summary_routed.pb"/>
  <File Type="OPT-DRC" Name="snd_design_wrapper_drc_opted.rpt"/>
  <File Type="RBD_FILE" Name="snd_design_wrapper.rbd"/>
  <File Type="BG-BIN" Name="snd_design_wrapper.bin"/>
  <File Type="ROUTE-TIMINGSUMMARY" Name="snd_design_wrapper_timing_summary_routed.rpt"/>
  <File Type="NPI_FILE" Name="snd_design_wrapper.npi"/>
  <File Type="BG-BGN" Name="snd_design_wrapper.bgn"/>
  <File Type="ROUTE-BLACKBOX-DCP" Name="snd_design_wrapper_routed_bb.dcp"/>
  <File Type="WBT-USG" Name="usage_statistics_webtalk.html"/>
  <File Type="RDI-RDI" Name="snd_design_wrapper.vdi"/>
  <File Type="RNPI_FILE" Name="snd_design_wrapper.rnpi"/>
  <File Type="BG-DRC" Name="snd_design_wrapper.drc"/>
  <File Type="ROUTE-ERROR-DCP" Name="snd_design_wrapper_routed_error.dcp"/>
  <File Type="BG-BIT" Name="snd_design_wrapper.bit"/>
  <File Type="ROUTE-STATUS-PB" Name="snd_design_wrapper_route_status.pb"/>
  <File Type="OPT-HWDEF" Name="snd_design_wrapper.hwdef"/>
  <File Type="PLACE-IO" Name="snd_design_wrapper_io_placed.rpt"/>
  <File Type="PLACE-UTIL" Name="snd_design_wrapper_utilization_placed.rpt"/>
  <File Type="PLACE-UTIL-PB" Name="snd_design_wrapper_utilization_placed.pb"/>
  <File Type="PLACE-CTRL" Name="snd_design_wrapper_control_sets_placed.rpt"/>
  <File Type="PLACE-PRE-SIMILARITY" Name="snd_design_wrapper_incremental_reuse_pre_placed.rpt"/>
  <File Type="ROUTE-DRC" Name="snd_design_wrapper_drc_routed.rpt"/>
  <File Type="ROUTE-DRC-PB" Name="snd_design_wrapper_drc_routed.pb"/>
  <File Type="ROUTE-PWR" Name="snd_design_wrapper_power_routed.rpt"/>
  <File Type="ROUTE-PWR-SUM" Name="snd_design_wrapper_power_summary_routed.pb"/>
  <File Type="ROUTE-PWR-RPX" Name="snd_design_wrapper_power_routed.rpx"/>
  <File Type="ROUTE-STATUS" Name="snd_design_wrapper_route_status.rpt"/>
  <File Type="ROUTE-DCP" Name="snd_design_wrapper_routed.dcp"/>
  <FileSet Name="sources" Type="DesignSrcs" RelSrcDir="$PSRCDIR/sources_1">
    <Filter Type="Srcs"/>
    <File Path="$PSRCDIR/sources_1/imports/hdl/ADAU1761_interface.vhd">
      <FileInfo>
        <Attr Name="ImportPath" Val="$PPRDIR/../../../../CprE488/FinalProject/FP_BM/Sound/zedboard_audio/hdl/ADAU1761_interface.vhd"/>
        <Attr Name="ImportTime" Val="1712807358"/>
        <Attr Name="UsedIn" Val="synthesis"/>
        <Attr Name="UsedIn" Val="simulation"/>
      </FileInfo>
    </File>
    <File Path="$PSRCDIR/sources_1/imports/hdl/adau1761_configuraiton_data.vhd">
      <FileInfo>
        <Attr Name="ImportPath" Val="$PPRDIR/../../../../CprE488/FinalProject/FP_BM/Sound/zedboard_audio/hdl/adau1761_configuraiton_data.vhd"/>
        <Attr Name="ImportTime" Val="1713900410"/>
        <Attr Name="UsedIn" Val="synthesis"/>
        <Attr Name="UsedIn" Val="simulation"/>
      </FileInfo>
    </File>
    <File Path="$PSRCDIR/sources_1/imports/hdl/adau1761_izedboard.vhd">
      <FileInfo>
        <Attr Name="ImportPath" Val="$PPRDIR/../../../../CprE488/FinalProject/FP_BM/Sound/zedboard_audio/hdl/adau1761_izedboard.vhd"/>
        <Attr Name="ImportTime" Val="1712807358"/>
        <Attr Name="UsedIn" Val="synthesis"/>
        <Attr Name="UsedIn" Val="simulation"/>
      </FileInfo>
    </File>
    <File Path="$PSRCDIR/sources_1/imports/hdl/clocking.vhd">
      <FileInfo>
        <Attr Name="ImportPath" Val="$PPRDIR/../../../../CprE488/FinalProject/FP_BM/Sound/zedboard_audio/hdl/clocking.vhd"/>
        <Attr Name="ImportTime" Val="1712807358"/>
        <Attr Name="UsedIn" Val="synthesis"/>
        <Attr Name="UsedIn" Val="simulation"/>
      </FileInfo>
    </File>
    <File Path="$PSRCDIR/sources_1/imports/hdl/i2c.vhd">
      <FileInfo>
        <Attr Name="ImportPath" Val="$PPRDIR/../../../../CprE488/FinalProject/FP_BM/Sound/zedboard_audio/hdl/i2c.vhd"/>
        <Attr Name="ImportTime" Val="1712807358"/>
        <Attr Name="UsedIn" Val="synthesis"/>
        <Attr Name="UsedIn" Val="simulation"/>
      </FileInfo>
    </File>
    <File Path="$PSRCDIR/sources_1/imports/hdl/i2s_data_interface.vhd">
      <FileInfo>
        <Attr Name="ImportPath" Val="$PPRDIR/../../../../CprE488/FinalProject/FP_BM/Sound/zedboard_audio/hdl/i2s_data_interface.vhd"/>
        <Attr Name="ImportTime" Val="1712807358"/>
        <Attr Name="UsedIn" Val="synthesis"/>
        <Attr Name="UsedIn" Val="simulation"/>
      </FileInfo>
    </File>
    <File Path="$PSRCDIR/sources_1/imports/hdl/i3c2.vhd">
      <FileInfo>
        <Attr Name="ImportPath" Val="$PPRDIR/../../../../CprE488/FinalProject/FP_BM/Sound/zedboard_audio/hdl/i3c2.vhd"/>
        <Attr Name="ImportTime" Val="1712807358"/>
        <Attr Name="UsedIn" Val="synthesis"/>
        <Attr Name="UsedIn" Val="simulation"/>
      </FileInfo>
    </File>
    <File Path="$PSRCDIR/sources_1/imports/hdl/audio_top.vhd">
      <FileInfo>
        <Attr Name="ImportPath" Val="$PPRDIR/../../../../CprE488/FinalProject/FP_BM/Sound/zedboard_audio/hdl/audio_top.vhd"/>
        <Attr Name="ImportTime" Val="1712807358"/>
        <Attr Name="UsedIn" Val="synthesis"/>
        <Attr Name="UsedIn" Val="simulation"/>
      </FileInfo>
    </File>
    <File Path="$PSRCDIR/sources_1/bd/snd_design/snd_design.bd">
      <FileInfo>
        <Attr Name="ImportPath" Val="$PPRDIR/../../../../CprE488/FinalProject/FP_BM/Sound/Sound.srcs/sources_1/bd/snd_design/snd_design.bd"/>
        <Attr Name="ImportTime" Val="1714252141"/>
        <Attr Name="UsedIn" Val="synthesis"/>
        <Attr Name="UsedIn" Val="implementation"/>
        <Attr Name="UsedIn" Val="simulation"/>
      </FileInfo>
    </File>
    <File Path="$PSRCDIR/sources_1/bd/snd_design/hdl/snd_design_wrapper.v">
      <FileInfo>
        <Attr Name="ImportPath" Val="$PPRDIR/../../../../CprE488/FinalProject/FP_BM/Sound/Sound.srcs/sources_1/bd/snd_design/hdl/snd_design_wrapper.v"/>
        <Attr Name="ImportTime" Val="1714252142"/>
        <Attr Name="UsedIn" Val="synthesis"/>
        <Attr Name="UsedIn" Val="implementation"/>
        <Attr Name="UsedIn" Val="simulation"/>
      </FileInfo>
    </File>
    <Config>
      <Option Name="DesignMode" Val="RTL"/>
      <Option Name="TopModule" Val="snd_design_wrapper"/>
    </Config>
  </FileSet>
  <FileSet Name="constrs_in" Type="Constrs" RelSrcDir="$PSRCDIR/constrs_1">
    <Filter Type="Constrs"/>
    <File Path="$PSRCDIR/constrs_1/imports/Sound/Project.xdc">
      <FileInfo>
        <Attr Name="ImportPath" Val="$PPRDIR/../../../../CprE488/FinalProject/FP_BM/Sound/Project.xdc"/>
        <Attr Name="ImportTime" Val="1714676725"/>
        <Attr Name="UsedIn" Val="synthesis"/>
        <Attr Name="UsedIn" Val="implementation"/>
      </FileInfo>
    </File>
    <Config>
      <Option Name="TargetConstrsFile" Val="$PSRCDIR/constrs_1/imports/Sound/Project.xdc"/>
      <Option Name="ConstrsType" Val="XDC"/>
    </Config>
  </FileSet>
  <FileSet Name="utils" Type="Utils" RelSrcDir="$PSRCDIR/utils_1">
    <Filter Type="Utils"/>
    <Config>
      <Option Name="TopAutoSet" Val="TRUE"/>
    </Config>
  </FileSet>
  <Strategy Version="1" Minor="2">
    <StratHandle Name="Vivado Implementation Defaults" Flow="Vivado Implementation 2020"/>
    <Step Id="init_design"/>
    <Step Id="opt_design"/>
    <Step Id="power_opt_design"/>
    <Step Id="place_design"/>
    <Step Id="post_place_power_opt_design"/>
    <Step Id="phys_opt_design"/>
    <Step Id="route_design"/>
    <Step Id="post_route_phys_opt_design"/>
    <Step Id="write_bitstream"/>
    <Step Id="write_device_image"/>
  </Strategy>
  <BlockFileSet Type="BlockSrcs" Name="snd_design_axi_ppm_0_0"/>
  <BlockFileSet Type="BlockSrcs" Name="snd_design_axi_gpio_0_0"/>
  <BlockFileSet Type="BlockSrcs" Name="snd_design_audio_top_0_0"/>
  <BlockFileSet Type="BlockSrcs" Name="snd_design_axi_gpio_0_1"/>
</GenRun>
